<?xml version="1.0" encoding="UTF-8" ?>
<!DOCTYPE configuration
    PUBLIC "-//mybatis.org//DTD Config 3.0//EN"
    "http://mybatis.org/dtd/mybatis-3-config.dtd">

<configuration>
    <environments default="development">
        <environment id="development">
            <transactionManager type="JDBC" />
            <dataSource type="POOLED">
                <property name="driver" value="com.mysql.cj.jdbc.Driver" />
                <property name="url" value="jdbc:mysql://127.0.0.1/studikasus_db" />
                <property name="username" value="root" />
                <property name="password" value="" />
            </dataSource>
        </environment>
    </environments>

    <mappers>
        <mapper resource="mapper/TableUserMapper.xml" />
    </mappers>
</configuration>
